/assets/images/pics/school_logo.png	https://www.ps290.org/pics/school_logo.png
/assets/images/pics/footer_school_logo.png	https://www.ps290.org/pics/footer_school_logo.png
/assets/images/pics/nycps-logo-color.png	https://www.ps290.org/pics/nycps-logo-color.png
/assets/images/about/about-us-photo.jpeg	https://3.files.edl.io/3d30/25/03/03/181530-17abcf73-e8e1-41a0-9ecf-6d5d5ca58c0f.jpeg
/assets/images/about/blue-ribbon-seal.jpg	https://3.files.edl.io/631b/25/07/23/012533-a0336542-79c2-46d6-ba1f-4161304c74e7.jpg
/assets/images/about/announcements-admissions.jpeg	https://3.files.edl.io/d497/25/03/03/183657-beaf7c3a-fc0c-4ecd-af65-723c497b6f9d.jpeg
/assets/images/about/announcements-pta-meetings.jpeg	https://3.files.edl.io/7f39/25/03/03/183829-187a908a-fcb4-4d6f-a32e-f7473b3b4cce.jpeg
/assets/images/about/announcements-resources.jpeg	https://3.files.edl.io/8553/25/03/03/184621-ab241c7d-f23a-4d68-a5d3-c512315bf372.jpeg
/assets/images/about/announcements-health-safety.jpeg	https://3.files.edl.io/172a/25/03/03/184736-b4497091-b8ec-4982-948d-36968493431e.jpeg
/assets/images/about/announcements-sick.jpeg	https://3.files.edl.io/680e/25/03/03/185306-ad59f8df-1cc9-4f80-bcdf-6000fc6b975a.jpeg
/assets/images/about/announcements-emergency-contact.jpeg	https://3.files.edl.io/87ce/25/03/03/190004-d9e1c108-b159-4ee9-a68f-1f0e8b23a2b8.jpeg
/assets/images/about/enrollment-zone-map.jpeg	https://3.files.edl.io/1dcf/25/03/08/025459-3aecaa3e-dc3e-4d5e-bf14-d2405feb7094.jpeg
/assets/images/about/afterschool.png	https://3.files.edl.io/688f/25/03/06/172846-21a575a7-7a23-403d-b229-e8bc4a8a9482.png
/assets/documents/slt-bylaws.pdf	https://4.files.edl.io/3265/02/19/25/213851-58ac47b2-f2c4-49fc-8f70-6b22e6ef1e7c.pdf
/assets/images/curriculum/students-1.png	https://3.files.edl.io/6bd2/25/02/19/221810-a631596e-2e2c-45e3-8715-7ab9e786b63d.png
/assets/images/curriculum/students-2.png	https://3.files.edl.io/59c0/25/02/19/221809-75428f5a-8cd3-4a1b-a114-744153eb49b6.png
/assets/images/curriculum/students-3.png	https://3.files.edl.io/ea8a/25/02/19/221809-8504597a-608c-4249-8b1b-dc8de1445961.png
/assets/images/curriculum/enrichment-kindergarten.png	https://3.files.edl.io/4aad/25/08/01/181539-5cb74b15-b732-4b14-bc9b-a708c283c81e.png
/assets/images/curriculum/enrichment-1st.png	https://3.files.edl.io/9e23/25/03/06/232347-cfb0ce21-5855-4b08-8fdf-e7bff6dab289.png
/assets/images/curriculum/enrichment-2nd.png	https://3.files.edl.io/f5f2/25/03/06/232414-8328c1e1-46d6-4127-9cf3-640987c035ae.png
/assets/images/curriculum/enrichment-3rd.png	https://3.files.edl.io/bbac/25/03/06/232440-396a2a07-f26c-427c-a6d2-8d088bc4e6a4.png
/assets/images/curriculum/enrichment-4th.png	https://3.files.edl.io/a13f/25/03/06/232500-5f1530b4-857a-4b45-8e12-0c7922dc31be.png
/assets/images/curriculum/enrichment-5th.png	https://3.files.edl.io/a94f/25/03/06/232532-a129ab55-b322-4c56-a769-57271d233098.png
/assets/images/families/report-absence.png	https://3.files.edl.io/7184/25/02/20/193729-0a8f0a08-e2b9-4e09-89f1-230aab5db1b7.png
/assets/images/home/hero-bg.jpg	https://3.files.edl.io/bbdb/25/04/04/202337-6da4eeac-b147-48f5-99f0-509ef387070e.jpg
/assets/images/home/hero-thumbnail.jpeg	https://3.files.edl.io/d41b/25/08/01/154656-0862c49e-41fd-41b3-8d57-388f5b0df2a3.jpeg
/assets/images/home/shuffle-1.jpg	https://3.files.edl.io/5536/25/04/04/225444-e8a2abbf-4572-413c-9b64-9521a53234f5.jpg
/assets/images/home/shuffle-2.jpg	https://3.files.edl.io/3672/25/07/27/031055-e57c7b90-9686-49c3-ab45-018a617d01b3.jpg
/assets/images/home/shuffle-3.jpeg	https://3.files.edl.io/9990/25/07/27/031021-43468a0d-2201-4f95-83f8-3e946fd2324b.jpeg
/assets/images/home/quicklinks-bg.jpg	https://3.files.edl.io/8da3/25/04/04/203127-78b6af7d-4529-4ee9-b3ba-5d98e4d70ba8.jpg
/assets/images/home/quicklink-donate.jpeg	https://3.files.edl.io/00e2/25/04/08/153329-8ed193a0-d53e-4ca4-a0ff-7abeec264b3f.jpeg
/assets/images/home/quicklink-staff.jpeg	https://3.files.edl.io/1511/25/04/08/153319-5ccc2b2b-5c5c-4035-99e2-c9ed0900ba74.jpeg
/assets/images/home/quicklink-enrollment.jpg	https://3.files.edl.io/c527/25/04/08/153318-109746e7-e1f5-469a-99be-e91a8190fefe.jpg
/assets/images/home/quicklink-portal.jpg	https://3.files.edl.io/000c/25/04/08/153316-bb4a4b8a-b8eb-44b7-a355-9853a3053e54.jpg
/assets/images/home/mission.jpg	https://3.files.edl.io/fee0/25/03/20/190732-127d20bf-fe3a-4f88-b8bf-0c61804f6fb0.jpg
/assets/images/news/welcome-new-website.jpg	https://3.files.edl.io/bb91/25/04/10/210551-61a52a1f-7ab2-42d0-aa80-581ec324df8d.jpg
/assets/images/news/enrollment-teaser.jpg	https://3.files.edl.io/fdec/25/04/10/210558-bddda889-21a6-4982-8813-787f759281c4.jpg
/assets/images/news/rooftop-playground.jpeg	https://3.files.edl.io/27c8/25/07/27/171850-ac7e982e-730e-4024-9f79-05044b323f0d.jpeg
/assets/images/favicon-32x32.png	https://www.ps290.org/favicon-32x32.png
/assets/images/apple-touch-icon.png	https://www.ps290.org/apple-touch-icon.png
